account_id,last_active_date
A1,2025-01-28 01:15:10.852585
A2,2025-04-27 01:15:10.852585
A3,2024-08-14 01:15:10.852585
A4,2024-09-14 01:15:10.852585
A5,2024-10-06 01:15:10.852585
A6,2024-12-31 01:15:10.852585
A7,2025-02-07 01:15:10.852585
A8,2023-11-11 01:15:10.852585
A9,2025-02-22 01:15:10.852585
A10,2023-09-26 01:15:10.852585
A11,2024-03-16 01:15:10.852585
A12,2025-04-20 01:15:10.852585
A13,2025-04-22 01:15:10.852585
A14,2025-02-16 01:15:10.852585
A15,2024-10-11 01:15:10.852585
A16,2024-09-26 01:15:10.852585
A17,2023-12-22 01:15:10.852585
A18,2023-09-14 01:15:10.852585
A19,2025-04-25 01:15:10.852585
A20,2023-10-26 01:15:10.852585
A21,2024-10-31 01:15:10.852585
A22,2023-11-11 01:15:10.852585
A23,2024-03-19 01:15:10.852585
A24,2024-10-09 01:15:10.852585
A25,2024-02-18 01:15:10.852585
A26,2023-09-27 01:15:10.852585
A27,2024-08-11 01:15:10.852585
A28,2025-05-16 01:15:10.852585
A29,2024-12-10 01:15:10.852585
A30,2024-03-16 01:15:10.852585
A31,2024-06-08 01:15:10.852585
A32,2024-08-11 01:15:10.852585
A33,2024-12-14 01:15:10.852585
A34,2024-10-14 01:15:10.852585
A35,2024-06-12 01:15:10.852585
A36,2025-02-07 01:15:10.852585
A37,2025-02-17 01:15:10.852585
A38,2024-04-28 01:15:10.852585
A39,2025-02-12 01:15:10.852585
A40,2024-05-20 01:15:10.852585
A41,2024-06-04 01:15:10.852585
A42,2023-09-12 01:15:10.852585
A43,2024-08-25 01:15:10.852585
A44,2025-04-08 01:15:10.852585
A45,2024-02-07 01:15:10.852585
A46,2023-11-20 01:15:10.852585
A47,2025-01-15 01:15:10.852585
A48,2024-04-30 01:15:10.852585
A49,2025-03-03 01:15:10.852585
A50,2023-11-04 01:15:10.852585
A51,2024-07-26 01:15:10.852585
A52,2023-08-28 01:15:10.852585
A53,2024-05-17 01:15:10.852585
A54,2023-10-09 01:15:10.852585
A55,2024-11-07 01:15:10.852585
A56,2025-03-12 01:15:10.852585
A57,2025-04-06 01:15:10.852585
A58,2024-10-01 01:15:10.852585
A59,2024-07-30 01:15:10.852585
A60,2025-03-02 01:15:10.852585
A61,2024-09-26 01:15:10.852585
A62,2025-02-08 01:15:10.852585
A63,2024-04-28 01:15:10.852585
A64,2024-08-11 01:15:10.852585
A65,2024-02-13 01:15:10.852585
A66,2024-05-14 01:15:10.852585
A67,2024-12-07 01:15:10.852585
A68,2024-05-08 01:15:10.852585
A69,2024-05-24 01:15:10.852585
A70,2024-10-20 01:15:10.852585
A71,2024-08-22 01:15:10.852585
A72,2025-03-10 01:15:10.852585
A73,2023-09-07 01:15:10.852585
A74,2024-11-28 01:15:10.852585
A75,2023-11-23 01:15:10.852585
A76,2024-09-14 01:15:10.852585
A77,2024-12-06 01:15:10.852585
A78,2024-02-04 01:15:10.852585
A79,2024-04-29 01:15:10.852585
A80,2024-08-19 01:15:10.852585
A81,2023-10-30 01:15:10.852585
A82,2024-10-10 01:15:10.852585
A83,2024-06-24 01:15:10.852585
A84,2025-03-26 01:15:10.852585
A85,2024-09-30 01:15:10.852585
A86,2025-04-20 01:15:10.852585
A87,2024-07-03 01:15:10.852585
A88,2024-04-07 01:15:10.852585
A89,2024-08-21 01:15:10.852585
A90,2025-03-16 01:15:10.852585
A91,2024-10-18 01:15:10.852585
A92,2023-10-20 01:15:10.852585
A93,2024-07-04 01:15:10.852585
A94,2024-10-17 01:15:10.852585
A95,2023-12-28 01:15:10.852585
A96,2024-04-12 01:15:10.852585
A97,2024-02-08 01:15:10.852585
A98,2024-12-27 01:15:10.852585
A99,2024-08-24 01:15:10.852585
A100,2024-12-31 01:15:10.852585
