sender_account,receiver_account,amount,transaction_date,alert
A82,B23,5232.252872302801,2025-06-01 01:15:10.822227,1
A15,B39,1595.8746177355983,2026-02-09 01:15:10.822227,0
A4,B2,3734.7913011922574,2025-09-19 01:15:10.822227,0
A95,B91,2836.1068503580345,2025-12-13 01:15:10.822227,0
A36,B69,4093.60627850073,2026-02-21 01:15:10.822227,0
A32,B17,3390.2877969457813,2025-10-31 01:15:10.822227,0
A29,B36,5982.879765206065,2025-12-10 01:15:10.822227,1
A18,B6,7894.377046321011,2025-12-24 01:15:10.822227,1
A95,B7,6476.580516123376,2025-06-01 01:15:10.822227,1
A14,B71,668.4594242543775,2025-07-02 01:15:10.822227,0
A87,B38,954.1144156757924,2025-09-13 01:15:10.822227,0
A95,B90,6787.00965495241,2025-08-01 01:15:10.822227,1
A70,B17,2848.628269042356,2026-01-18 01:15:10.822227,0
A12,B82,7240.099213474593,2025-12-07 01:15:10.822227,1
A76,B97,6569.075223240675,2025-11-11 01:15:10.822227,1
A55,B63,9064.363544665135,2025-12-30 01:15:10.822227,1
A5,B14,8734.063823984783,2025-11-02 01:15:10.822227,1
A4,B2,3340.28674024496,2025-11-17 01:15:10.822227,0
A12,B74,5831.567750718332,2026-03-25 01:15:10.822227,1
A28,B37,1422.8695220373352,2025-08-07 01:15:10.822227,0
A30,B61,3504.7096674830836,2026-02-09 01:15:10.822227,0
A65,B62,9677.28811185052,2025-07-23 01:15:10.822227,1
A78,B57,6987.814828490691,2025-08-16 01:15:10.822227,1
A4,B44,3925.66026351025,2026-02-19 01:15:10.822227,0
A72,B24,5954.461869234232,2025-06-07 01:15:10.822227,1
A26,B7,9380.64197366195,2025-08-14 01:15:10.822227,1
A92,B33,3102.72305528545,2026-05-09 01:15:10.822227,0
A84,B62,3773.0262675024387,2025-09-28 01:15:10.822227,0
A90,B15,7918.7029590568,2025-05-25 01:15:10.822227,1
A70,B9,8133.715990309862,2026-02-04 01:15:10.822227,1
A54,B52,6704.462835947278,2025-10-10 01:15:10.822227,1
A29,B63,8291.3001392157,2025-12-24 01:15:10.822227,1
A58,B10,7390.358974573533,2025-06-02 01:15:10.822227,1
A76,B74,6857.2902583729865,2026-04-17 01:15:10.822227,1
A36,B81,5268.669463944399,2025-10-25 01:15:10.822227,1
A1,B88,6463.787959127544,2025-06-12 01:15:10.822227,1
A98,B7,4239.829599557816,2025-09-09 01:15:10.822227,0
A21,B20,3624.662682504378,2026-03-12 01:15:10.822227,0
A90,B20,3632.3507131306233,2025-07-02 01:15:10.822227,0
A55,B73,1810.826599539678,2025-12-18 01:15:10.822227,0
A44,B39,2149.7846854769145,2026-01-19 01:15:10.822227,0
A36,B11,9477.205992668125,2026-01-13 01:15:10.822227,1
A20,B32,4867.846499518546,2025-06-19 01:15:10.822227,0
A28,B16,2273.1650348735334,2026-03-05 01:15:10.822227,0
A98,B72,1384.2778782390221,2025-10-18 01:15:10.822227,0
A44,B98,780.8791921657544,2025-11-10 01:15:10.822227,0
A14,B54,8445.839602971975,2026-04-15 01:15:10.822227,1
A12,B78,1020.3962290422626,2025-10-05 01:15:10.822227,0
A49,B77,7711.038456427379,2025-07-20 01:15:10.822227,1
A13,B80,8352.847068079214,2025-09-19 01:15:10.822227,1
A46,B29,8837.98483327069,2025-07-28 01:15:10.822227,1
A45,B100,387.0974486520369,2025-10-29 01:15:10.822227,0
A78,B67,3374.276075923173,2025-08-22 01:15:10.822227,0
A34,B49,7665.412968427943,2025-09-05 01:15:10.822227,1
A6,B58,1319.179923880785,2025-06-02 01:15:10.822227,0
A94,B57,3773.4315095170214,2025-10-20 01:15:10.822227,0
A59,B39,1630.8496487636205,2025-08-17 01:15:10.822227,0
A69,B76,8315.137116324364,2026-05-04 01:15:10.822227,1
A16,B55,7713.267159172574,2025-11-19 01:15:10.822227,1
A49,B40,8092.346759196618,2025-05-28 01:15:10.822227,1
A11,B73,1663.7362657831463,2025-08-21 01:15:10.822227,0
A71,B80,4382.357317332084,2025-07-22 01:15:10.822227,0
A38,B8,4114.47752885037,2025-06-30 01:15:10.822227,0
A81,B79,6766.865592663444,2026-04-09 01:15:10.822227,1
A80,B95,2382.9267124547814,2026-03-28 01:15:10.822227,0
A47,B13,4447.545110954704,2026-01-15 01:15:10.822227,0
A74,B98,2856.430046307949,2025-06-20 01:15:10.822227,0
A25,B27,7487.879815773409,2025-06-16 01:15:10.822227,1
A91,B81,4494.7903507030705,2025-11-22 01:15:10.822227,0
A9,B28,5344.771385485628,2026-02-26 01:15:10.822227,1
A6,B34,3101.5842866622684,2025-06-25 01:15:10.822227,0
A85,B85,8088.152472196956,2025-07-13 01:15:10.822227,1
A30,B11,4695.465894272204,2026-04-30 01:15:10.822227,0
A99,B21,8352.782793329818,2025-08-07 01:15:10.822227,1
A38,B31,3684.7311726680778,2025-06-26 01:15:10.822227,0
A11,B23,9471.830400738789,2025-06-10 01:15:10.822227,1
A30,B71,9844.553537380458,2025-06-25 01:15:10.822227,1
A13,B10,4622.182984625482,2025-10-30 01:15:10.822227,0
A49,B21,2824.8996097107165,2025-12-04 01:15:10.822227,0
A36,B1,3824.9056175651976,2025-10-14 01:15:10.822227,0
A59,B53,5279.323286730212,2026-03-29 01:15:10.822227,1
A82,B58,9663.018850527413,2026-05-17 01:15:10.822227,1
A47,B89,8170.743483416589,2026-04-02 01:15:10.822227,1
A21,B77,8014.579649273961,2026-01-10 01:15:10.822227,1
A48,B61,1392.6013606882777,2026-01-29 01:15:10.822227,0
A46,B38,2507.5320837741806,2025-09-03 01:15:10.822227,0
A27,B5,6415.378571682427,2025-08-30 01:15:10.822227,1
A86,B30,8742.428281071849,2025-08-10 01:15:10.822227,1
A35,B37,5549.862046790068,2025-07-29 01:15:10.822227,1
A90,B91,1034.8714201666094,2025-06-04 01:15:10.822227,0
A88,B37,8460.46384456705,2025-08-01 01:15:10.822227,1
A83,B90,8513.14882036694,2026-01-29 01:15:10.822227,1
A10,B59,2857.7795104526913,2025-10-06 01:15:10.822227,0
A78,B10,7633.537134613992,2025-11-12 01:15:10.822227,1
A82,B88,2735.185082917653,2025-11-03 01:15:10.822227,0
A22,B30,9054.00902769263,2025-09-27 01:15:10.822227,1
A69,B34,1482.0130733561268,2025-06-09 01:15:10.822227,0
A94,B81,4380.3508763478585,2025-07-25 01:15:10.822227,0
A32,B76,9464.66849748749,2025-06-03 01:15:10.822227,1
A21,B85,2228.1596890007363,2025-09-08 01:15:10.822227,0
A60,B26,4516.768622304882,2026-03-06 01:15:10.822227,0
A49,B55,3502.3549306051027,2025-11-27 01:15:10.822227,0
A35,B15,276.4352061213559,2026-05-10 01:15:10.822227,0
A82,B70,542.0363028390339,2025-09-17 01:15:10.822227,0
A89,B29,5025.051075785422,2026-03-30 01:15:10.822227,1
A72,B83,2365.422957895692,2025-12-22 01:15:10.822227,0
A29,B20,9945.30825887053,2025-10-22 01:15:10.822227,1
A88,B35,3755.377607443498,2026-04-09 01:15:10.822227,0
A42,B19,291.59357982621907,2026-03-24 01:15:10.822227,0
A99,B10,9308.950788452032,2026-03-11 01:15:10.822227,1
A100,B8,8393.37111323994,2025-11-25 01:15:10.822227,1
A8,B22,6503.107236098875,2025-12-14 01:15:10.822227,1
A30,B40,7915.892568446939,2025-11-28 01:15:10.822227,1
A5,B77,1384.6198813814578,2025-10-01 01:15:10.822227,0
A41,B96,2875.925179159549,2026-02-06 01:15:10.822227,0
A52,B73,8299.318215696698,2025-08-29 01:15:10.822227,1
A35,B37,6963.759165874077,2025-09-17 01:15:10.822227,1
A9,B57,1396.5389912636801,2025-11-25 01:15:10.822227,0
A28,B16,7058.306391137913,2025-09-21 01:15:10.822227,1
A73,B60,4491.528725082643,2026-04-03 01:15:10.822227,0
A92,B89,62.45947107312315,2025-10-10 01:15:10.822227,0
A41,B39,801.4654549945055,2025-05-31 01:15:10.822227,0
A28,B90,2566.6800450860765,2025-10-03 01:15:10.822227,0
A84,B52,8351.281361830986,2025-12-10 01:15:10.822227,1
A64,B35,5492.554411983916,2026-04-18 01:15:10.822227,1
A51,B65,7275.075505396068,2025-12-20 01:15:10.822227,1
A83,B70,5282.437343808376,2026-04-30 01:15:10.822227,1
A59,B64,1120.7567346391418,2025-05-24 01:15:10.822227,0
A19,B57,2888.134764611913,2026-03-25 01:15:10.822227,0
A34,B11,3018.5004339163374,2026-05-11 01:15:10.822227,0
A18,B77,487.01697172232423,2025-11-28 01:15:10.822227,0
A32,B6,4204.057182096896,2025-06-25 01:15:10.822227,0
A96,B56,7941.052095307987,2026-03-28 01:15:10.822227,1
A72,B95,4576.565030198122,2025-06-10 01:15:10.822227,0
A69,B42,1117.4703739472498,2026-02-27 01:15:10.822227,0
A34,B78,9052.417387763366,2026-01-18 01:15:10.822227,1
A96,B33,5971.42303776128,2025-08-31 01:15:10.822227,1
A75,B4,174.18916853688532,2026-02-22 01:15:10.822227,0
A55,B12,5158.603544791967,2025-08-13 01:15:10.822227,1
A75,B30,2426.9619628657233,2026-03-02 01:15:10.822227,0
A52,B87,1444.332634060138,2025-12-04 01:15:10.822227,0
A47,B74,4298.096542102304,2025-08-09 01:15:10.822227,0
A29,B76,6151.9477319317475,2025-10-16 01:15:10.822227,1
A18,B3,2413.23674567737,2025-09-28 01:15:10.822227,0
A66,B98,4171.510276133313,2026-01-24 01:15:10.822227,0
A64,B87,6647.069304402671,2025-10-27 01:15:10.822227,1
A12,B35,865.283410322745,2025-07-04 01:15:10.822227,0
A97,B74,9746.798364612694,2026-02-17 01:15:10.822227,1
A7,B6,686.1164358593719,2026-02-16 01:15:10.822227,0
A15,B98,5265.333858768484,2025-06-29 01:15:10.822227,1
A20,B97,5078.203688832068,2025-06-20 01:15:10.822227,1
A81,B23,9883.43154110871,2025-10-13 01:15:10.822227,1
A21,B61,5545.9780046577725,2025-11-01 01:15:10.822227,1
A88,B67,3910.63278827504,2026-05-08 01:15:10.822227,0
A55,B84,4706.649430803275,2025-07-12 01:15:10.822227,0
A77,B57,6360.351206771614,2026-02-10 01:15:10.822227,1
A9,B36,9810.583831290087,2025-10-04 01:15:10.822227,1
A50,B24,2543.9661080814353,2025-07-23 01:15:10.822227,0
A49,B75,172.25988877838677,2025-10-15 01:15:10.822227,0
A77,B56,7887.3149626323575,2025-11-04 01:15:10.822227,1
A60,B82,3454.576906702279,2026-05-20 01:15:10.822227,0
A68,B63,7332.08080429191,2025-05-27 01:15:10.822227,1
A33,B12,6286.287055131807,2026-02-02 01:15:10.822227,1
A71,B61,7717.298727357493,2026-02-06 01:15:10.822227,1
A2,B45,7354.517978274989,2025-12-31 01:15:10.822227,1
A88,B53,3331.860897636129,2025-05-27 01:15:10.822227,0
A93,B43,452.91352606912966,2026-04-20 01:15:10.822227,0
A15,B42,5464.677314624838,2025-07-31 01:15:10.822227,1
A88,B86,8136.95356690532,2026-03-31 01:15:10.822227,1
A69,B14,1759.1403792465671,2025-08-21 01:15:10.822227,0
A97,B21,7793.634508848032,2026-02-16 01:15:10.822227,1
A35,B43,4651.582768472907,2025-11-16 01:15:10.822227,0
A99,B53,6956.938627440679,2025-12-07 01:15:10.822227,1
A83,B89,6321.041119105795,2026-02-11 01:15:10.822227,1
A44,B64,8116.861841657588,2025-09-30 01:15:10.822227,1
A15,B37,640.374364951924,2026-03-25 01:15:10.822227,0
A38,B85,7764.142093037183,2026-01-08 01:15:10.822227,1
A56,B52,4582.218978699058,2025-06-13 01:15:10.822227,0
A21,B98,2941.491286038562,2025-09-14 01:15:10.822227,0
A59,B71,447.62469383463974,2025-08-25 01:15:10.822227,0
A1,B5,2002.7036388147314,2025-06-29 01:15:10.822227,0
A93,B59,428.64035988451616,2025-12-13 01:15:10.822227,0
A93,B12,9334.376089704469,2025-07-21 01:15:10.822227,1
A34,B41,5158.682056652443,2025-11-05 01:15:10.822227,1
A65,B33,9891.335795938274,2025-07-14 01:15:10.822227,1
A98,B42,5434.876669565317,2025-11-03 01:15:10.822227,1
A23,B15,2540.6045143741476,2025-07-26 01:15:10.822227,0
A65,B99,7535.37627900046,2026-03-25 01:15:10.822227,1
A14,B52,1919.12327303177,2025-11-25 01:15:10.822227,0
A81,B66,3576.1720185932804,2025-11-23 01:15:10.822227,0
A39,B1,7810.607254114466,2025-09-30 01:15:10.822227,1
A82,B85,8659.324788009795,2025-07-10 01:15:10.822227,1
A65,B70,3325.927616949632,2026-02-23 01:15:10.822227,0
A78,B60,1253.5053323613902,2025-06-12 01:15:10.822227,0
A26,B53,3686.5115514035833,2025-05-26 01:15:10.822227,0
A20,B7,8895.97030495269,2025-12-21 01:15:10.822227,1
A48,B25,7435.643978141016,2025-07-12 01:15:10.822227,1
A98,B67,8947.428574600983,2025-07-24 01:15:10.822227,1
A21,B47,3872.5812349243147,2026-04-09 01:15:10.822227,0
A70,B80,9737.498607309937,2025-06-12 01:15:10.822227,1
A100,B97,4967.070233104856,2026-03-15 01:15:10.822227,0
A68,B64,4980.258691011337,2025-12-13 01:15:10.822227,0
A1,B81,9243.861561603366,2026-03-23 01:15:10.822227,1
A77,B57,5197.565776814071,2026-01-20 01:15:10.822227,1
A42,B98,8013.4693931437205,2025-12-17 01:15:10.822227,1
A63,B7,7273.542430182931,2026-03-24 01:15:10.822227,1
A3,B27,798.4807904941241,2026-02-18 01:15:10.822227,0
A15,B35,6028.50845531397,2025-11-12 01:15:10.822227,1
A47,B71,8225.189382603468,2025-06-01 01:15:10.822227,1
A40,B17,5459.289229472924,2026-03-11 01:15:10.822227,1
A31,B37,3218.902167863794,2025-09-03 01:15:10.822227,0
A8,B57,809.8884216392025,2025-11-05 01:15:10.822227,0
A31,B90,6612.583022366785,2025-10-20 01:15:10.822227,1
A73,B63,3071.893602346617,2025-07-21 01:15:10.822227,0
A11,B16,6030.190061028692,2026-03-13 01:15:10.822227,1
A11,B4,4266.899568101624,2025-08-01 01:15:10.822227,0
A94,B81,6900.750436370407,2025-11-07 01:15:10.822227,1
A63,B78,3521.954367882201,2025-10-18 01:15:10.822227,0
A9,B31,433.12807687279394,2026-02-16 01:15:10.822227,0
A98,B91,8701.671378813357,2025-09-15 01:15:10.822227,1
A69,B21,3532.067509981738,2025-07-01 01:15:10.822227,0
A99,B40,9981.52447175276,2025-08-20 01:15:10.822227,1
A17,B71,2752.8080471478274,2025-06-01 01:15:10.822227,0
A17,B2,9800.472519150848,2025-06-26 01:15:10.822227,1
A85,B71,9479.564742244833,2026-02-23 01:15:10.822227,1
A61,B53,759.6612382317111,2025-08-11 01:15:10.822227,0
A71,B12,6378.75025345415,2026-02-26 01:15:10.822227,1
A22,B29,3639.478195203313,2025-09-14 01:15:10.822227,0
A34,B15,8012.9487958660775,2025-12-26 01:15:10.822227,1
A68,B60,6797.311972068752,2026-03-12 01:15:10.822227,1
A78,B16,9528.366068833282,2026-02-16 01:15:10.822227,1
A55,B83,1436.3668889418718,2025-12-12 01:15:10.822227,0
A28,B20,6079.653304175345,2025-10-04 01:15:10.822227,1
A70,B64,7815.30657773723,2025-07-09 01:15:10.822227,1
A97,B92,357.64166832743484,2026-04-25 01:15:10.822227,0
A94,B38,681.661296990467,2025-11-20 01:15:10.822227,0
A89,B66,7787.368581333585,2026-05-18 01:15:10.822227,1
A26,B91,3669.621446340414,2025-09-16 01:15:10.822227,0
A92,B35,3834.7154728708892,2026-03-14 01:15:10.822227,0
A40,B54,5676.773970823953,2026-02-12 01:15:10.822227,1
A52,B62,6054.897340259307,2025-11-07 01:15:10.822227,1
A86,B61,6793.829948564816,2025-08-08 01:15:10.822227,1
A84,B32,9488.747057362909,2025-09-06 01:15:10.822227,1
A48,B59,3726.4136509221303,2025-06-22 01:15:10.822227,0
A57,B71,7633.2138732678095,2025-09-11 01:15:10.822227,1
A67,B19,5743.478565555618,2025-10-25 01:15:10.822227,1
A58,B50,5299.3042165475335,2025-06-06 01:15:10.822227,1
A16,B25,3986.360119064975,2025-09-13 01:15:10.822227,0
A32,B77,6499.111759693255,2025-10-22 01:15:10.822227,1
A29,B66,2503.6204144030453,2025-05-24 01:15:10.822227,0
A9,B96,1143.3516397243302,2025-10-07 01:15:10.822227,0
A44,B18,7359.391846199483,2025-09-14 01:15:10.822227,1
A3,B9,4995.449162962103,2026-02-26 01:15:10.822227,0
A76,B36,3876.003926592242,2026-04-10 01:15:10.822227,0
A71,B99,5621.110380488874,2025-08-06 01:15:10.822227,1
A30,B54,2625.148999109083,2026-05-07 01:15:10.822227,0
A76,B44,2610.294813687635,2026-01-30 01:15:10.822227,0
A29,B65,4468.268392932106,2025-12-24 01:15:10.822227,0
A1,B35,9963.68747042606,2026-05-06 01:15:10.822227,1
A10,B1,2862.913008204598,2026-01-02 01:15:10.822227,0
A91,B37,9165.624306323394,2026-01-27 01:15:10.822227,1
A81,B93,4917.089950589699,2025-08-20 01:15:10.822227,0
A8,B39,1235.147844820669,2025-12-26 01:15:10.822227,0
A30,B76,8529.734640939383,2026-02-25 01:15:10.822227,1
A9,B75,4525.90642560152,2025-09-30 01:15:10.822227,0
A5,B85,8987.803517554441,2025-08-06 01:15:10.822227,1
A43,B63,4456.660815497125,2025-09-11 01:15:10.822227,0
A10,B20,887.0295036362634,2025-08-14 01:15:10.822227,0
A66,B58,6822.473309903865,2025-09-03 01:15:10.822227,1
A31,B69,8456.756977557248,2026-03-26 01:15:10.822227,1
A36,B62,3202.6818432787018,2025-08-02 01:15:10.822227,0
A86,B45,3480.7786944382597,2026-03-25 01:15:10.822227,0
A63,B43,658.7413923775508,2026-01-05 01:15:10.822227,0
A28,B71,5426.291898643368,2025-08-17 01:15:10.822227,1
A70,B98,8914.40350671535,2025-11-16 01:15:10.822227,1
A17,B70,8515.106887023727,2025-08-18 01:15:10.822227,1
A93,B49,7120.972949032054,2026-05-01 01:15:10.822227,1
A74,B59,9273.971322664545,2025-10-09 01:15:10.822227,1
A74,B42,6380.6232254145225,2025-08-16 01:15:10.822227,1
A61,B25,7939.026874611577,2026-01-31 01:15:10.822227,1
A32,B90,5092.469894291265,2025-10-17 01:15:10.822227,1
A61,B31,1222.4109262337843,2026-03-31 01:15:10.822227,0
A53,B74,2017.7939080650806,2025-06-22 01:15:10.822227,0
A25,B50,1397.3799516632737,2026-01-16 01:15:10.822227,0
A13,B30,7905.826877469414,2025-12-21 01:15:10.822227,1
A13,B100,272.57742781457426,2026-05-06 01:15:10.822227,0
A85,B53,5544.674158223354,2025-10-04 01:15:10.822227,1
A56,B6,3695.422543357195,2026-01-08 01:15:10.822227,0
A46,B41,8038.580645622978,2025-11-25 01:15:10.822227,1
A55,B96,5520.95286992501,2026-04-08 01:15:10.822227,1
A53,B61,6123.364142579004,2025-10-10 01:15:10.822227,1
A60,B91,871.2926617028078,2026-03-23 01:15:10.822227,0
A94,B49,3099.814268109337,2026-01-21 01:15:10.822227,0
A7,B50,9995.954488904525,2026-02-04 01:15:10.822227,1
A87,B85,7191.507902308288,2025-07-25 01:15:10.822227,1
A84,B84,5261.699591754698,2025-06-04 01:15:10.822227,1
A83,B20,7693.953858243233,2025-11-24 01:15:10.822227,1
A13,B64,8235.160601088823,2025-05-24 01:15:10.822227,1
A8,B5,746.7696219832778,2025-07-14 01:15:10.822227,0
A52,B17,9724.07351782252,2025-07-03 01:15:10.822227,1
A94,B65,6426.96250796995,2025-10-15 01:15:10.822227,1
A44,B76,4505.245211673331,2026-02-27 01:15:10.822227,0
A14,B43,6804.288816589314,2025-07-11 01:15:10.822227,1
A32,B13,3451.70265921997,2026-03-12 01:15:10.822227,0
A25,B57,8780.821914987613,2026-02-06 01:15:10.822227,1
A25,B13,7804.8266590947005,2026-02-06 01:15:10.822227,1
A69,B68,6401.541354372964,2026-04-22 01:15:10.822227,1
A58,B59,1827.8117341558523,2025-08-04 01:15:10.822227,0
A18,B2,9662.983493201727,2025-11-24 01:15:10.822227,1
A55,B93,4331.856681954929,2025-08-23 01:15:10.822227,0
A24,B19,9108.015586759404,2025-12-30 01:15:10.822227,1
A36,B53,563.5743716775929,2025-07-21 01:15:10.822227,0
A60,B84,1250.3695951837317,2025-08-20 01:15:10.822227,0
A32,B20,1538.6245134339042,2026-02-25 01:15:10.822227,0
A10,B10,1654.92422810234,2025-12-08 01:15:10.822227,0
A57,B61,3233.3809040340107,2025-05-27 01:15:10.822227,0
A71,B34,7096.228003967166,2025-12-24 01:15:10.822227,1
A13,B44,3466.770592595312,2025-12-25 01:15:10.822227,0
A7,B80,9409.631508766031,2025-08-02 01:15:10.822227,1
A84,B89,8950.309909043033,2026-01-06 01:15:10.822227,1
A70,B51,8460.877724497097,2025-09-01 01:15:10.822227,1
A2,B84,2513.5470367301705,2025-06-09 01:15:10.822227,0
A12,B11,6354.220342963582,2026-04-04 01:15:10.822227,1
A97,B43,5512.905740676566,2026-03-14 01:15:10.822227,1
A31,B87,1260.451248317758,2025-10-24 01:15:10.822227,0
A22,B69,3035.217815027672,2026-04-22 01:15:10.822227,0
A53,B49,5339.4455173861215,2026-01-01 01:15:10.822227,1
A63,B41,5030.705715965214,2025-06-21 01:15:10.822227,1
A62,B81,1694.672658459591,2026-03-19 01:15:10.822227,0
A28,B92,9416.653808807272,2025-05-28 01:15:10.822227,1
A52,B98,1550.4007261268362,2026-03-16 01:15:10.822227,0
A8,B63,6590.741405103706,2026-01-15 01:15:10.822227,1
A22,B70,7209.121356688357,2026-03-09 01:15:10.822227,1
A49,B5,6055.337689539936,2025-05-23 01:15:10.822227,1
A1,B80,8426.874741092755,2025-12-09 01:15:10.822227,1
A50,B9,5640.544163968645,2026-01-16 01:15:10.822227,1
A34,B31,8254.110310593054,2025-06-10 01:15:10.822227,1
A59,B81,293.4511441097874,2025-11-02 01:15:10.822227,0
A37,B88,464.1634148805063,2025-09-14 01:15:10.822227,0
A55,B37,6418.1228009053575,2026-03-11 01:15:10.822227,1
A90,B30,5771.944602459017,2025-07-31 01:15:10.822227,1
A94,B96,6514.788475081143,2025-07-03 01:15:10.822227,1
A72,B12,7671.9204191539475,2026-01-05 01:15:10.822227,1
A85,B56,4171.701968795829,2025-07-05 01:15:10.822227,0
A92,B13,6393.5220101666155,2025-10-22 01:15:10.822227,1
A63,B98,4985.4002207598,2025-11-11 01:15:10.822227,0
A20,B82,6275.368462877863,2025-10-03 01:15:10.822227,1
A25,B91,2903.819851448042,2026-04-14 01:15:10.822227,0
A38,B13,9566.935197844507,2025-07-02 01:15:10.822227,1
A28,B57,4834.618733572441,2026-04-05 01:15:10.822227,0
A8,B22,8048.834660615173,2025-10-28 01:15:10.822227,1
A75,B89,6853.05850354481,2025-09-01 01:15:10.822227,1
A95,B39,2981.364375583126,2025-12-31 01:15:10.822227,0
A70,B4,739.0005247984044,2025-06-01 01:15:10.822227,0
A8,B6,608.5311990173432,2025-11-15 01:15:10.822227,0
A96,B42,4401.658944204905,2025-10-02 01:15:10.822227,0
A41,B8,4847.668789772519,2025-09-15 01:15:10.822227,0
A8,B38,2048.1899054983533,2025-12-06 01:15:10.822227,0
A7,B46,6070.536025578157,2025-07-29 01:15:10.822227,1
A75,B48,3132.699167476861,2026-05-21 01:15:10.822227,0
A62,B56,7186.445222273251,2026-04-05 01:15:10.822227,1
A65,B19,7344.655550497422,2025-09-30 01:15:10.822227,1
A68,B32,8609.16588388571,2025-07-01 01:15:10.822227,1
A21,B68,9753.987537869652,2025-06-16 01:15:10.822227,1
A8,B53,1316.3538540083407,2025-05-30 01:15:10.822227,0
A66,B73,3711.6965785224097,2025-11-20 01:15:10.822227,0
A11,B88,5620.895645326208,2026-04-20 01:15:10.822227,1
A24,B24,3197.9677051675408,2025-08-22 01:15:10.822227,0
A9,B22,4670.060944735958,2025-10-31 01:15:10.822227,0
A77,B23,2682.042027797282,2026-01-31 01:15:10.822227,0
A9,B11,2486.7096364302006,2025-10-15 01:15:10.822227,0
A87,B79,977.1484090801088,2026-02-03 01:15:10.822227,0
A31,B49,2909.217929649316,2025-09-11 01:15:10.822227,0
A52,B80,3847.6568366810443,2026-01-05 01:15:10.822227,0
A16,B88,6157.620667198047,2025-12-08 01:15:10.822227,1
A73,B31,2490.220101008054,2025-12-28 01:15:10.822227,0
A32,B64,8654.421942189969,2025-12-01 01:15:10.822227,1
A75,B75,1605.399624680308,2025-08-15 01:15:10.822227,0
A77,B19,3281.0838498039375,2025-07-31 01:15:10.822227,0
A6,B30,5781.093508557028,2026-03-17 01:15:10.822227,1
A80,B60,3134.022059414108,2025-08-06 01:15:10.822227,0
A11,B82,7633.582537634899,2025-09-16 01:15:10.822227,1
A54,B33,4987.672765178489,2025-11-28 01:15:10.822227,0
A85,B59,5152.10114392253,2025-06-07 01:15:10.822227,1
A75,B33,4992.609486892565,2026-04-28 01:15:10.822227,0
A73,B86,3092.3194157237485,2026-04-29 01:15:10.822227,0
A67,B2,241.5312191813468,2026-04-02 01:15:10.823229,0
A41,B60,9452.875712651681,2025-07-06 01:15:10.823229,1
A34,B37,5059.390185607478,2025-09-29 01:15:10.823229,1
A27,B87,9667.19943921923,2026-05-14 01:15:10.823229,1
A86,B70,2159.292781037149,2026-03-20 01:15:10.823229,0
A92,B21,3535.4219376749897,2026-03-03 01:15:10.823229,0
A41,B10,514.89864223264,2025-10-09 01:15:10.823229,0
A31,B57,4953.993093216512,2025-10-01 01:15:10.823229,0
A34,B45,8824.571368918329,2026-05-22 01:15:10.823229,1
A51,B76,6546.057768527275,2025-10-15 01:15:10.823229,1
A17,B39,4711.162665148276,2026-02-08 01:15:10.823229,0
A86,B82,5371.540585396381,2025-06-04 01:15:10.823229,1
A83,B55,8473.251930280743,2026-03-16 01:15:10.823229,1
A39,B89,4314.96841578193,2025-06-24 01:15:10.823229,0
A59,B33,8825.732751876743,2025-12-19 01:15:10.823229,1
A41,B59,7277.805552960325,2026-03-02 01:15:10.823229,1
A97,B39,7640.9290739782755,2026-01-02 01:15:10.823229,1
A10,B26,3665.7141516504544,2026-04-05 01:15:10.823229,0
A2,B50,4011.810393937418,2025-06-21 01:15:10.823229,0
A59,B62,5707.113622371483,2025-11-19 01:15:10.823229,1
A80,B14,1954.6064658583134,2026-01-14 01:15:10.823229,0
A73,B31,5536.697036945306,2026-04-10 01:15:10.823229,1
A13,B49,744.5821799309898,2025-11-13 01:15:10.823229,0
A10,B74,5047.512735940815,2025-06-16 01:15:10.823229,1
A69,B46,7646.397105925324,2025-06-24 01:15:10.823229,1
A28,B74,2804.4095694635803,2026-02-27 01:15:10.823229,0
A65,B38,9891.016099201019,2026-04-26 01:15:10.823229,1
A34,B90,6807.182414787419,2025-11-01 01:15:10.823229,1
A17,B38,1196.9220870386596,2025-07-06 01:15:10.823229,0
A45,B3,9751.077325983702,2025-12-17 01:15:10.823229,1
A9,B85,3945.0980901587855,2025-05-29 01:15:10.823229,0
A32,B51,7951.023311525649,2026-01-23 01:15:10.823229,1
A48,B36,3397.4621465261275,2025-10-15 01:15:10.823229,0
A37,B2,9390.096183884201,2025-06-21 01:15:10.823229,1
A21,B73,7552.102071205011,2026-04-06 01:15:10.823229,1
A57,B88,1998.5882367089753,2025-05-27 01:15:10.823229,0
A70,B100,5096.133937089569,2026-04-04 01:15:10.823229,1
A91,B96,5005.778256670732,2026-05-22 01:15:10.823229,1
A39,B7,462.58049114607655,2026-02-02 01:15:10.823229,0
A79,B78,1378.993371939529,2025-09-20 01:15:10.823229,0
A84,B96,3337.076646474144,2026-04-13 01:15:10.823229,0
A68,B64,4742.704062447949,2026-03-16 01:15:10.823229,0
A2,B37,4575.315707235911,2025-07-23 01:15:10.823229,0
A86,B100,6066.542618814004,2026-01-27 01:15:10.823229,1
A71,B30,5159.902264151066,2025-08-30 01:15:10.823229,1
A39,B78,3286.378817888897,2025-06-08 01:15:10.823229,0
A85,B46,6134.550529436134,2025-10-07 01:15:10.823229,1
A14,B29,1633.3954383106245,2026-05-18 01:15:10.823229,0
A18,B82,9906.25121823579,2026-05-18 01:15:10.823229,1
A34,B25,7395.800412130306,2025-05-31 01:15:10.823229,1
A15,B80,2999.3510818578993,2025-11-28 01:15:10.823229,0
A14,B33,3370.370786995267,2026-03-22 01:15:10.823229,0
A96,B87,8284.610965714186,2025-10-18 01:15:10.823229,1
A71,B97,5328.074900460005,2025-06-01 01:15:10.823229,1
A20,B93,7090.3106662900245,2026-03-16 01:15:10.823229,1
A35,B99,3004.907741726763,2025-09-20 01:15:10.823229,0
A37,B85,8159.330844105803,2026-04-16 01:15:10.823229,1
A78,B88,3689.8945205590385,2026-01-25 01:15:10.823229,0
A27,B18,6741.325860805436,2025-11-07 01:15:10.823229,1
A92,B81,9799.181331479827,2026-04-07 01:15:10.823229,1
A44,B13,5841.184397069375,2026-03-31 01:15:10.823229,1
A27,B81,7969.58059116217,2026-03-31 01:15:10.823229,1
A88,B83,7255.9888833930345,2025-12-13 01:15:10.823229,1
A82,B6,6883.556075515689,2025-11-15 01:15:10.823229,1
A34,B40,276.20507808869354,2025-12-20 01:15:10.823229,0
A65,B57,4751.156238709755,2026-03-13 01:15:10.823229,0
A63,B5,9671.036254758788,2025-11-08 01:15:10.823229,1
A33,B75,7831.2108743999,2026-03-15 01:15:10.823229,1
A7,B47,7763.858631469,2025-06-28 01:15:10.823229,1
A12,B94,5780.567614683187,2025-06-10 01:15:10.823229,1
A82,B17,7216.787121840104,2026-03-10 01:15:10.823229,1
A55,B12,5839.397537705923,2026-04-17 01:15:10.823229,1
A36,B38,1713.4154968491268,2025-08-24 01:15:10.823229,0
A6,B42,6293.962159042183,2025-08-07 01:15:10.823229,1
A1,B96,6201.160696955883,2026-05-18 01:15:10.823229,1
A43,B54,8413.25957833306,2025-07-14 01:15:10.823229,1
A99,B23,1486.279325920315,2025-06-24 01:15:10.823229,0
A17,B26,6810.461681556281,2026-02-27 01:15:10.823229,1
A82,B17,325.38942828757274,2025-10-09 01:15:10.823229,0
A34,B70,9482.56965613517,2025-11-24 01:15:10.823229,1
A21,B47,1107.8562581236315,2026-02-02 01:15:10.823229,0
A95,B68,199.18430139105956,2025-07-05 01:15:10.823229,0
A57,B65,3143.7879096240936,2026-03-06 01:15:10.823229,0
A71,B35,1522.798268612261,2025-10-24 01:15:10.823229,0
A91,B22,6908.09760657607,2025-07-11 01:15:10.823229,1
A55,B33,4109.670319133824,2025-06-05 01:15:10.823229,0
A72,B62,7751.973295052839,2025-10-08 01:15:10.823229,1
A2,B38,9206.004289473134,2026-01-31 01:15:10.823229,1
A15,B96,8729.44891203408,2026-04-08 01:15:10.823229,1
A10,B44,7361.014339974127,2026-04-01 01:15:10.823229,1
A89,B15,632.1900472841752,2026-03-12 01:15:10.823229,0
A20,B60,1389.44403299425,2026-03-20 01:15:10.823229,0
A70,B10,2081.3436326627348,2025-07-25 01:15:10.823229,0
A5,B19,3257.244848916287,2025-11-07 01:15:10.823229,0
A48,B97,6625.645729146347,2025-11-24 01:15:10.823229,1
A75,B29,5259.516742486353,2025-10-15 01:15:10.823229,1
A71,B87,3144.388461390793,2025-12-12 01:15:10.823229,0
A19,B93,1740.092414334704,2026-03-12 01:15:10.823229,0
A56,B87,9122.120367630863,2026-01-16 01:15:10.823229,1
A17,B51,3429.846906641643,2026-01-01 01:15:10.823229,0
A6,B72,3549.3270165616796,2025-06-26 01:15:10.823229,0
A40,B47,7722.17794364592,2026-04-09 01:15:10.823229,1
A47,B12,7212.0363676596535,2026-01-15 01:15:10.823229,1
A6,B51,6436.657908994621,2025-08-12 01:15:10.823229,1
A46,B2,6936.199967197911,2025-07-19 01:15:10.823229,1
A27,B34,6104.665034986728,2025-07-19 01:15:10.823229,1
A88,B69,1930.7190496757669,2025-07-15 01:15:10.823229,0
A32,B16,2472.7261639183303,2025-12-28 01:15:10.823229,0
A86,B59,5585.285641565967,2025-06-03 01:15:10.823229,1
A14,B48,2256.421709548239,2026-05-09 01:15:10.823229,0
A46,B87,9729.377169629784,2025-06-19 01:15:10.823229,1
A100,B96,2983.16950711631,2025-12-19 01:15:10.823229,0
A72,B87,2897.151332661214,2026-02-06 01:15:10.823229,0
A53,B34,2080.705170597856,2025-08-30 01:15:10.823229,0
A80,B75,7052.8327148045655,2025-07-16 01:15:10.823229,1
A96,B49,3177.2370427342958,2025-09-04 01:15:10.823229,0
A20,B82,3494.5437102710525,2026-02-15 01:15:10.823229,0
A31,B48,9337.666743960297,2025-11-03 01:15:10.823229,1
A21,B14,7956.099506463312,2025-12-22 01:15:10.823229,1
A23,B87,2741.8407921866765,2025-06-26 01:15:10.823229,0
A53,B30,1227.5223162698235,2026-04-25 01:15:10.823229,0
A4,B61,6769.456235367632,2026-01-20 01:15:10.823229,1
A23,B4,3803.144911890081,2025-09-11 01:15:10.823229,0
A95,B80,9801.803767840409,2025-11-06 01:15:10.823229,1
A43,B72,8185.590826704318,2026-03-26 01:15:10.823229,1
A53,B42,9546.5425452807,2026-01-19 01:15:10.823229,1
A86,B79,8048.112181226137,2025-09-09 01:15:10.823229,1
A95,B29,2911.6219934094265,2025-06-30 01:15:10.823229,0
A32,B83,2883.4271127252578,2025-07-22 01:15:10.823229,0
A35,B9,7144.271462108969,2026-04-16 01:15:10.823229,1
A21,B82,3470.171505815209,2025-08-25 01:15:10.823229,0
A90,B60,4429.3373575297055,2026-05-16 01:15:10.823229,0
A14,B90,2571.875314980086,2025-11-19 01:15:10.823229,0
A49,B39,4796.001837534667,2025-12-11 01:15:10.823229,0
A5,B84,2028.659391933959,2026-03-16 01:15:10.823229,0
A61,B53,5390.393457849441,2025-11-05 01:15:10.823229,1
A29,B15,9330.909098495244,2025-08-04 01:15:10.823229,1
A26,B18,6964.751293461758,2025-10-19 01:15:10.823229,1
A59,B6,1381.3568184612202,2025-11-16 01:15:10.823229,0
A45,B5,6160.613573800778,2025-08-16 01:15:10.823229,1
A40,B39,5872.436680722443,2025-06-07 01:15:10.823229,1
A30,B64,2432.155803718765,2026-02-23 01:15:10.823229,0
A29,B15,6701.6413092821085,2025-09-23 01:15:10.823229,1
A4,B13,5315.104482430664,2026-04-15 01:15:10.823229,1
A85,B31,6383.06628835229,2026-05-14 01:15:10.823229,1
A25,B69,534.3861573262333,2025-07-26 01:15:10.823229,0
A52,B18,4138.880646822104,2026-04-18 01:15:10.823229,0
A43,B50,7176.406981939934,2026-05-15 01:15:10.823229,1
A36,B59,1014.4435987257056,2026-01-08 01:15:10.823229,0
A9,B48,7709.952920401809,2026-02-01 01:15:10.823229,1
A99,B86,61.762649607229,2026-05-02 01:15:10.823229,0
A36,B96,5508.022132138371,2026-04-22 01:15:10.823229,1
A45,B90,9291.705804898078,2025-10-31 01:15:10.823229,1
A83,B70,4075.005440953366,2025-09-05 01:15:10.823229,0
A66,B54,9350.970664975554,2025-12-27 01:15:10.823229,1
A52,B76,8785.21221892714,2025-07-05 01:15:10.823229,1
A87,B96,4779.710719204556,2025-05-23 01:15:10.823229,0
A69,B94,2002.5651869293408,2025-09-08 01:15:10.823229,0
A43,B20,9639.501248520448,2025-10-22 01:15:10.823229,1
A4,B54,3218.465344170475,2025-10-18 01:15:10.823229,0
A15,B84,6462.5201997237955,2025-05-28 01:15:10.823229,1
A34,B13,9080.290217768868,2025-10-29 01:15:10.823229,1
A23,B63,903.7125979100481,2026-04-10 01:15:10.823229,0
A75,B79,5745.592198221979,2025-06-29 01:15:10.823229,1
A34,B53,5356.17124616711,2025-08-21 01:15:10.823229,1
A5,B36,7233.945605641809,2025-08-20 01:15:10.823229,1
A14,B5,9367.327103708754,2025-07-11 01:15:10.823229,1
A77,B89,9133.164959441827,2026-03-05 01:15:10.823229,1
A56,B48,1758.8971070548214,2025-12-31 01:15:10.823229,0
A45,B28,8823.627281916684,2026-04-10 01:15:10.823229,1
A94,B57,1766.129188313237,2025-12-15 01:15:10.823229,0
A41,B57,9197.15177039083,2026-04-12 01:15:10.823229,1
A56,B31,9971.746312854215,2025-09-03 01:15:10.823229,1
A78,B47,3975.9757970402134,2026-02-07 01:15:10.823229,0
A66,B13,4958.88513424436,2026-03-04 01:15:10.823229,0
A15,B88,9366.72136032985,2025-08-21 01:15:10.823229,1
A50,B48,9621.692487032591,2025-12-06 01:15:10.823229,1
A74,B70,9261.136581985465,2025-11-03 01:15:10.823229,1
A25,B83,8768.664247500055,2025-07-26 01:15:10.823229,1
A33,B46,102.57901311619686,2025-07-02 01:15:10.823229,0
A6,B8,5683.939067958308,2025-06-24 01:15:10.823229,1
A91,B51,1081.9339008276445,2025-06-08 01:15:10.823229,0
A56,B36,9830.108944826354,2025-06-27 01:15:10.823229,1
A1,B25,2852.770906976962,2026-04-19 01:15:10.823229,0
A67,B16,9891.103706186346,2025-12-15 01:15:10.823229,1
A69,B59,5437.5718307341795,2025-05-30 01:15:10.823229,1
A88,B12,4944.185079214773,2025-10-11 01:15:10.823229,0
A93,B85,9386.219412391314,2026-01-20 01:15:10.823229,1
A95,B28,8512.086788394186,2026-04-23 01:15:10.823229,1
A95,B83,4685.527482372838,2026-01-17 01:15:10.823229,0
A86,B82,1936.1858687553597,2026-04-08 01:15:10.823229,0
A26,B77,1135.3411425913432,2025-10-12 01:15:10.823229,0
A47,B3,1633.317682771989,2026-03-24 01:15:10.823229,0
A56,B7,4594.555565613288,2025-10-02 01:15:10.823229,0
A9,B43,2580.0761534928956,2025-07-13 01:15:10.823229,0
A86,B32,1870.1287005893964,2025-07-15 01:15:10.823229,0
A43,B17,7368.812775967647,2026-04-24 01:15:10.823229,1
A80,B73,7909.768967608305,2025-12-15 01:15:10.823229,1
A41,B27,5682.134411985184,2025-06-15 01:15:10.823229,1
A85,B9,7575.254675073036,2025-06-20 01:15:10.823229,1
A16,B98,1763.1941892462626,2026-02-22 01:15:10.823229,0
A93,B71,8562.903577691843,2026-03-22 01:15:10.823229,1
A39,B27,8971.457190221912,2026-05-16 01:15:10.823229,1
A65,B76,8271.628354510332,2025-05-25 01:15:10.823229,1
A40,B28,5157.653783008361,2026-03-13 01:15:10.823229,1
A86,B30,876.5103207850755,2025-05-28 01:15:10.823229,0
A53,B43,6695.865975565443,2026-05-17 01:15:10.823229,1
A42,B100,1855.9641984629263,2026-02-28 01:15:10.823229,0
A52,B19,1414.7126375866414,2025-09-10 01:15:10.823229,0
A90,B77,3242.780684149977,2025-11-26 01:15:10.823229,0
A38,B1,2487.9903658347785,2025-08-28 01:15:10.823229,0
A71,B36,2615.244917883784,2025-08-31 01:15:10.823229,0
A17,B19,2362.857315487324,2026-01-10 01:15:10.823229,0
A25,B17,7540.028951296756,2026-02-26 01:15:10.823229,1
A54,B70,9540.807878322577,2025-11-13 01:15:10.823229,1
A86,B33,3026.4389385192308,2026-03-19 01:15:10.823229,0
A49,B23,7231.596458725964,2026-01-05 01:15:10.823229,1
A87,B15,124.24298459973822,2026-03-23 01:15:10.823229,0
A96,B85,6540.296837031285,2026-05-07 01:15:10.823229,1
A23,B4,6930.758218323162,2025-12-02 01:15:10.823229,1
A79,B17,630.6220746873557,2025-10-15 01:15:10.823229,0
A73,B2,1191.066229561686,2026-01-03 01:15:10.823229,0
A39,B46,3074.9953566161616,2025-08-27 01:15:10.823229,0
A52,B31,4060.1119635542886,2026-04-20 01:15:10.823229,0
A71,B76,5030.1795076715125,2026-01-08 01:15:10.823229,1
A1,B42,8952.232514464378,2025-05-23 01:15:10.823229,1
A39,B3,7038.534780671537,2025-07-31 01:15:10.823229,1
A37,B23,3116.6697043627564,2025-07-05 01:15:10.823229,0
A27,B34,1182.9833009893155,2026-04-13 01:15:10.823229,0
A56,B7,9162.142554647848,2025-09-10 01:15:10.823229,1
A75,B17,2957.4256255609057,2025-10-01 01:15:10.823229,0
A78,B95,6150.108226957052,2025-09-03 01:15:10.823229,1
A84,B54,2199.0947233440857,2025-11-19 01:15:10.823229,0
A42,B68,1344.3521341460732,2026-04-24 01:15:10.823229,0
A60,B15,1540.3237912449003,2025-09-09 01:15:10.823229,0
A57,B96,7479.871023137057,2025-08-05 01:15:10.823229,1
A57,B9,6061.332091409803,2026-02-26 01:15:10.823229,1
A87,B61,4164.297698157934,2025-11-15 01:15:10.823229,0
A28,B58,5496.852743095464,2026-03-03 01:15:10.823229,1
A66,B100,4713.5724880243215,2026-01-12 01:15:10.823229,0
A61,B47,5379.801700055076,2026-03-31 01:15:10.823229,1
A95,B66,6644.303449003241,2025-08-02 01:15:10.823229,1
A22,B76,2191.9321103466864,2025-06-11 01:15:10.823229,0
A85,B14,2482.1796387926915,2026-03-24 01:15:10.823229,0
A11,B58,7549.848101751405,2026-01-26 01:15:10.823229,1
A37,B65,8732.619234292455,2025-09-04 01:15:10.823229,1
A66,B29,827.8843616680159,2026-05-21 01:15:10.823229,0
A85,B79,4473.012295189868,2026-04-30 01:15:10.823229,0
A82,B6,7040.6235903071665,2026-05-16 01:15:10.823229,1
A80,B94,790.2461942529275,2026-01-17 01:15:10.823229,0
A43,B85,5646.045535512013,2026-04-29 01:15:10.823229,1
A12,B67,626.9628950912711,2025-09-23 01:15:10.823229,0
A97,B39,5481.015994622206,2025-11-17 01:15:10.823229,1
A31,B59,5059.815690365032,2025-11-07 01:15:10.823229,1
A87,B83,5731.289725536368,2026-03-07 01:15:10.823229,1
A40,B4,1507.025290010319,2026-02-20 01:15:10.823229,0
A29,B8,3287.895201044643,2026-05-04 01:15:10.823229,0
A26,B62,5208.211996436023,2025-08-12 01:15:10.823229,1
A19,B52,1171.2378216247955,2025-05-22 01:15:10.823229,0
A4,B55,2061.960840538222,2025-06-21 01:15:10.823229,0
A6,B88,5835.645307625766,2025-10-20 01:15:10.823229,1
A32,B14,918.5070280723615,2026-01-28 01:15:10.823229,0
A61,B63,5108.649786788017,2025-12-09 01:15:10.823229,1
A79,B92,8088.8339109406,2026-01-15 01:15:10.823229,1
A99,B57,4539.788678796022,2025-10-21 01:15:10.823229,0
A10,B10,5137.345953584399,2025-12-10 01:15:10.823229,1
A59,B11,4573.416772361642,2026-01-04 01:15:10.823229,0
A54,B42,586.7904415159225,2026-04-13 01:15:10.823229,0
A81,B78,4629.159274331848,2025-08-03 01:15:10.823229,0
A74,B19,8071.084372018381,2025-11-13 01:15:10.823229,1
A25,B9,7235.567997451773,2026-03-22 01:15:10.823229,1
A92,B17,3965.527612433042,2025-09-07 01:15:10.823229,0
A90,B36,8166.367727071974,2025-06-12 01:15:10.823229,1
A50,B80,7460.586783489838,2026-04-26 01:15:10.823229,1
A64,B82,5787.329537939764,2026-02-20 01:15:10.823229,1
A52,B75,462.4451292510096,2026-01-28 01:15:10.823229,0
A32,B71,3451.843376955724,2025-08-31 01:15:10.823229,0
A19,B92,646.9615219997112,2026-04-29 01:15:10.823229,0
A84,B42,9941.295368164432,2025-10-29 01:15:10.823229,1
A89,B49,9346.482160860614,2026-04-17 01:15:10.823229,1
A1,B77,699.5012701415347,2025-09-26 01:15:10.823229,0
A97,B68,9338.417870223457,2025-12-29 01:15:10.823229,1
A99,B38,327.0313615205596,2025-12-14 01:15:10.823229,0
A14,B59,4094.5806888342904,2025-12-06 01:15:10.823229,0
A100,B65,7692.030905208992,2026-04-08 01:15:10.823229,1
A55,B78,7660.61855240788,2025-08-12 01:15:10.823229,1
A29,B56,9783.54951639177,2025-10-01 01:15:10.823229,1
A23,B13,6462.349372790663,2026-05-18 01:15:10.823229,1
A90,B90,4209.415769434456,2025-11-15 01:15:10.823229,0
A67,B15,9928.63741982298,2026-02-09 01:15:10.823229,1
A60,B84,3830.9713923252066,2025-12-24 01:15:10.823229,0
A7,B84,8697.506650253978,2025-08-07 01:15:10.823229,1
A72,B99,9068.60544213048,2025-12-18 01:15:10.823229,1
A32,B71,3762.6988826818565,2025-07-08 01:15:10.823229,0
A16,B93,6830.476237474399,2026-01-18 01:15:10.823229,1
A59,B28,6621.307455873427,2025-09-27 01:15:10.823229,1
A18,B56,5397.609636549413,2025-11-15 01:15:10.823229,1
A60,B58,6538.805643202833,2025-07-24 01:15:10.823229,1
A86,B30,3484.221172520111,2025-09-12 01:15:10.823229,0
A68,B53,1792.9515537510756,2026-02-11 01:15:10.823229,0
A72,B44,5377.212279116032,2025-08-16 01:15:10.823229,1
A77,B59,5293.136970044653,2026-01-17 01:15:10.823229,1
A41,B52,7281.30282765222,2026-03-06 01:15:10.823229,1
A97,B54,2234.6752575030023,2026-05-19 01:15:10.823229,0
A57,B94,44.69821649962871,2025-10-25 01:15:10.823229,0
A79,B13,237.12591994644626,2026-05-10 01:15:10.823229,0
A93,B41,2990.6462571427887,2026-01-23 01:15:10.823229,0
A65,B55,6738.263579187905,2025-08-18 01:15:10.823229,1
A55,B41,5449.008936859957,2025-11-26 01:15:10.823229,1
A71,B86,5324.01674888262,2025-07-01 01:15:10.823229,1
A58,B33,8235.370769384086,2025-06-01 01:15:10.823229,1
A21,B48,2482.6452646527177,2026-05-18 01:15:10.823229,0
A96,B20,3468.135752526391,2025-12-02 01:15:10.823229,0
A61,B88,2763.7407806733218,2026-05-22 01:15:10.823229,0
A58,B61,9374.729507739317,2025-06-20 01:15:10.823229,1
A34,B9,7252.989219630094,2025-11-11 01:15:10.823229,1
A97,B12,1137.3179412771085,2025-12-16 01:15:10.823229,0
A32,B11,8096.687053556552,2026-03-30 01:15:10.823229,1
A82,B12,4198.213578932604,2026-02-06 01:15:10.823229,0
A36,B56,7662.874140463894,2025-08-24 01:15:10.823229,1
A99,B13,8838.728652235292,2026-01-21 01:15:10.823229,1
A100,B96,166.30150567186018,2025-10-20 01:15:10.823229,0
A67,B95,2068.7554022836393,2025-09-13 01:15:10.823229,0
A63,B48,1017.9581637941452,2026-04-22 01:15:10.823229,0
A81,B17,345.42699478526515,2026-03-11 01:15:10.823229,0
A31,B72,5981.871118348211,2025-05-23 01:15:10.823229,1
A36,B8,7035.8298059806375,2025-12-30 01:15:10.823229,1
A57,B76,496.2764492250535,2026-04-05 01:15:10.823229,0
A10,B72,7408.005374013817,2026-04-30 01:15:10.823229,1
A92,B72,4028.630854600954,2026-01-24 01:15:10.823229,0
A37,B43,2351.0493920907406,2025-08-29 01:15:10.823229,0
A31,B86,2180.5194096737587,2025-10-23 01:15:10.823229,0
A35,B16,8638.665124273863,2025-05-29 01:15:10.823229,1
A43,B53,573.8759098943648,2025-11-13 01:15:10.823229,0
A41,B46,5043.919530919936,2025-09-30 01:15:10.823229,1
A70,B86,2899.7418790256493,2026-04-09 01:15:10.823229,0
A11,B97,8159.704705065536,2025-07-29 01:15:10.823229,1
A18,B55,7317.859656329023,2026-04-04 01:15:10.823229,1
A20,B93,3195.8479267282282,2025-09-06 01:15:10.823229,0
A30,B7,5983.197566029851,2026-03-15 01:15:10.823229,1
A50,B37,6728.593695354767,2025-06-30 01:15:10.823229,1
A89,B77,3213.4445027759016,2025-11-02 01:15:10.823229,0
A20,B40,3024.6267070905906,2026-04-14 01:15:10.823229,0
A91,B46,1441.1717372916535,2025-07-23 01:15:10.823229,0
A28,B14,6605.522113869324,2025-08-05 01:15:10.823229,1
A9,B74,2218.2169770558653,2026-04-21 01:15:10.823229,0
A54,B65,3012.0045280366217,2025-10-12 01:15:10.823229,0
A53,B28,618.966794696554,2025-06-17 01:15:10.823229,0
A43,B20,9485.717347716945,2026-03-17 01:15:10.823229,1
A70,B85,8798.34177072919,2026-01-21 01:15:10.823229,1
A60,B62,9116.66087954924,2025-12-24 01:15:10.823229,1
A54,B29,6263.6714451068165,2026-01-09 01:15:10.823229,1
A8,B14,4277.733817122489,2025-12-12 01:15:10.823229,0
A27,B45,4961.2516670552795,2025-11-02 01:15:10.823229,0
A54,B72,9723.179451083422,2025-05-29 01:15:10.823229,1
A50,B48,9416.4482342208,2025-12-06 01:15:10.823229,1
A99,B15,6716.711822209766,2025-12-11 01:15:10.823229,1
A75,B98,7860.187913845375,2025-10-03 01:15:10.823229,1
A90,B36,3194.1572285899592,2026-01-03 01:15:10.823229,0
A3,B74,4169.083087880232,2026-01-23 01:15:10.823229,0
A98,B29,1500.6839021733851,2026-04-14 01:15:10.823229,0
A74,B55,3770.837283186249,2026-02-08 01:15:10.823229,0
A49,B72,7546.616811408871,2026-03-14 01:15:10.823229,1
A62,B99,4740.453015918077,2025-07-27 01:15:10.823229,0
A1,B80,8494.915913277804,2026-03-28 01:15:10.823229,1
A46,B79,3014.3568237635263,2026-03-04 01:15:10.823229,0
A39,B87,7078.692206904842,2026-03-29 01:15:10.823229,1
A97,B83,8059.70383774952,2026-02-27 01:15:10.823229,1
A50,B72,9148.264326420896,2025-10-04 01:15:10.823229,1
A54,B4,5628.235636373222,2025-09-26 01:15:10.823229,1
A69,B78,9678.184023580801,2025-12-13 01:15:10.823229,1
A96,B85,5577.294714410738,2025-10-26 01:15:10.823229,1
A95,B89,1349.5865830801895,2026-03-22 01:15:10.823229,0
A70,B35,2436.1565757349617,2025-08-21 01:15:10.823229,0
A78,B4,2041.3339632699435,2025-11-20 01:15:10.823229,0
A29,B24,6470.591456963967,2026-02-05 01:15:10.823229,1
A63,B35,9223.038784067112,2025-10-03 01:15:10.823229,1
A29,B90,8472.862525336923,2025-12-16 01:15:10.823229,1
A35,B98,933.7153253033679,2025-09-27 01:15:10.823229,0
A56,B40,7248.601275948947,2026-01-07 01:15:10.823229,1
A63,B44,1912.9113681230756,2026-03-22 01:15:10.823229,0
A4,B45,2691.931262671262,2026-04-06 01:15:10.823229,0
A50,B1,6739.982487139439,2026-03-03 01:15:10.823229,1
A44,B24,6033.191229440868,2025-06-05 01:15:10.823229,1
A86,B19,8737.4683803105,2025-12-18 01:15:10.823229,1
A87,B73,1889.7513063882257,2025-05-27 01:15:10.823229,0
A52,B85,7619.347211196728,2025-05-31 01:15:10.823229,1
A93,B52,7245.80934612297,2025-07-18 01:15:10.823229,1
A22,B9,5592.916257962547,2026-05-02 01:15:10.823229,1
A60,B19,4799.148122644438,2026-02-01 01:15:10.823229,0
A17,B95,8696.043776730134,2025-12-06 01:15:10.823229,1
A80,B82,3336.3134650800243,2026-03-08 01:15:10.823229,0
A69,B4,9570.627407661465,2026-04-06 01:15:10.823229,1
A4,B12,163.18372522264346,2025-05-23 01:15:10.823229,0
A51,B96,9372.226034390455,2026-01-15 01:15:10.823229,1
A76,B68,9621.154785583445,2025-11-21 01:15:10.823229,1
A73,B28,1181.9888324389115,2025-11-01 01:15:10.823229,0
A85,B49,9995.72435010794,2025-09-02 01:15:10.823229,1
A4,B54,4794.419554660234,2026-04-27 01:15:10.823229,0
A11,B59,2433.5058866389577,2025-06-10 01:15:10.823229,0
A83,B44,6047.971325447023,2025-12-20 01:15:10.823229,1
A55,B21,2053.086298349158,2026-01-09 01:15:10.823229,0
A18,B48,9152.11333133963,2026-02-22 01:15:10.823229,1
A60,B40,5525.272132552667,2026-05-07 01:15:10.823229,1
A24,B93,7757.383681817065,2025-10-27 01:15:10.823229,1
A7,B42,3812.810826285496,2025-10-03 01:15:10.823229,0
A34,B100,5341.164772888468,2025-08-11 01:15:10.823229,1
A49,B73,3599.0029599602417,2025-08-14 01:15:10.823229,0
A42,B77,2623.0006575796724,2026-01-15 01:15:10.823229,0
A28,B11,5133.037234837498,2026-04-04 01:15:10.823229,1
A59,B7,4977.800158078823,2025-09-28 01:15:10.823229,0
A42,B20,995.0962333391457,2026-03-31 01:15:10.823229,0
A44,B21,9813.371383897302,2026-03-12 01:15:10.823229,1
A98,B97,4700.209316005358,2026-03-21 01:15:10.823229,0
A49,B80,8398.914503821212,2026-05-16 01:15:10.823229,1
A36,B7,9144.161683985916,2026-04-21 01:15:10.823229,1
A97,B87,3713.342165098272,2026-01-29 01:15:10.823229,0
A54,B11,4145.16240408046,2026-03-17 01:15:10.823229,0
A33,B35,5629.6220273689,2026-02-10 01:15:10.823229,1
A11,B57,2220.5282421790903,2025-10-29 01:15:10.823229,0
A61,B85,1467.7679038944602,2025-11-13 01:15:10.823229,0
A3,B55,2615.133357998598,2025-06-05 01:15:10.823229,0
A96,B63,9348.23492046057,2025-07-04 01:15:10.823229,1
A70,B78,5795.63783111363,2025-06-26 01:15:10.823229,1
A7,B57,4181.6049548161845,2026-04-09 01:15:10.823229,0
A45,B54,1532.5899877395914,2025-07-28 01:15:10.823229,0
A29,B35,3305.3542069188206,2025-07-26 01:15:10.823229,0
A84,B28,3804.59934966413,2026-01-10 01:15:10.823229,0
A9,B97,8335.293525716981,2026-04-14 01:15:10.823229,1
A100,B66,4998.021808869532,2026-05-11 01:15:10.823229,0
A84,B15,6549.533581549009,2026-04-19 01:15:10.823229,1
A6,B45,6851.617657335602,2026-02-10 01:15:10.823229,1
A97,B56,2580.694308772479,2025-06-26 01:15:10.823229,0
A4,B15,8217.70347752664,2025-10-07 01:15:10.823229,1
A32,B37,9665.417589830933,2026-03-18 01:15:10.823229,1
A26,B87,6420.527599443085,2026-04-05 01:15:10.823229,1
A3,B87,4911.049869982016,2025-12-04 01:15:10.823229,0
A80,B76,1690.6541230558946,2026-03-21 01:15:10.823229,0
A20,B63,7951.805388392805,2026-05-01 01:15:10.823229,1
A31,B68,1700.9644514932154,2025-09-28 01:15:10.823229,0
A17,B86,7205.932172313316,2026-04-27 01:15:10.823229,1
A61,B40,4888.280049328782,2026-02-25 01:15:10.823229,0
A86,B6,9169.824903046725,2025-08-02 01:15:10.823229,1
A15,B29,5425.947184960038,2025-10-13 01:15:10.823229,1
A73,B51,6421.676537191842,2025-11-01 01:15:10.823229,1
A28,B77,596.7331952914941,2025-09-10 01:15:10.823229,0
A60,B8,347.8993340752586,2026-05-07 01:15:10.823229,0
A90,B1,8468.506857995397,2025-11-08 01:15:10.823229,1
A33,B27,9452.429230896973,2025-06-07 01:15:10.823229,1
A99,B39,6685.473278497597,2025-10-16 01:15:10.823229,1
A48,B28,7645.745047284472,2026-02-23 01:15:10.823229,1
A22,B99,4129.798301931771,2025-11-22 01:15:10.823229,0
A78,B18,8427.021721085232,2026-02-02 01:15:10.823229,1
A78,B98,2322.0195868536807,2026-02-16 01:15:10.823229,0
A96,B33,7074.623941397564,2026-01-02 01:15:10.823229,1
A92,B38,101.32320228971106,2025-12-30 01:15:10.823229,0
A15,B42,5062.271867733721,2025-10-06 01:15:10.823229,1
A100,B16,3738.2749199412506,2026-03-07 01:15:10.823229,0
A21,B1,6182.174006409262,2026-05-05 01:15:10.823229,1
A40,B64,6670.879748237863,2025-07-12 01:15:10.823229,1
A14,B96,6169.0284172325355,2025-07-09 01:15:10.823229,1
A75,B56,4837.2094946820325,2025-07-11 01:15:10.823229,0
A4,B23,4883.665296190682,2026-01-17 01:15:10.823229,0
A40,B17,76.05744635166738,2025-06-25 01:15:10.823229,0
A74,B49,5520.9191735034565,2025-12-22 01:15:10.823229,1
A87,B69,128.39117159764544,2025-09-09 01:15:10.823229,0
A49,B91,5298.88229194809,2025-10-24 01:15:10.823229,1
A51,B30,2754.6599646063414,2025-08-14 01:15:10.823229,0
A92,B65,9775.018688842792,2025-09-19 01:15:10.823229,1
A26,B72,181.25455004824775,2026-04-21 01:15:10.823229,0
A10,B86,8133.4406369299595,2026-04-08 01:15:10.823229,1
A76,B46,6743.5891916709115,2025-12-30 01:15:10.823229,1
A89,B10,8063.615312484815,2025-11-07 01:15:10.823229,1
A81,B51,9098.635926327674,2026-03-13 01:15:10.823229,1
A32,B95,1079.0941226579841,2025-10-20 01:15:10.823229,0
A14,B6,972.1757636115706,2026-02-09 01:15:10.823229,0
A90,B56,1497.4858825451026,2025-06-27 01:15:10.823229,0
A99,B3,1927.4012493462158,2025-08-26 01:15:10.823229,0
A39,B59,5269.29529414816,2026-01-15 01:15:10.823229,1
A88,B10,8153.991763225693,2025-07-04 01:15:10.823229,1
A77,B41,2680.574119399592,2025-08-17 01:15:10.823229,0
A16,B74,3974.995260755734,2026-05-13 01:15:10.823229,0
A73,B55,3736.785318802185,2025-11-08 01:15:10.823229,0
A6,B74,4066.213824640121,2025-05-22 01:15:10.823229,0
A45,B52,5654.371802655211,2025-11-20 01:15:10.823229,1
A69,B91,9902.427986080877,2025-09-19 01:15:10.823229,1
A55,B82,2266.3139537479474,2025-08-17 01:15:10.823229,0
A85,B54,6843.575838449151,2025-09-16 01:15:10.823229,1
A48,B38,8480.192349295041,2025-11-27 01:15:10.823229,1
A9,B15,6540.81983839594,2025-08-06 01:15:10.824234,1
A65,B52,8583.60939862166,2025-09-07 01:15:10.824234,1
A83,B3,7598.262643266679,2025-12-09 01:15:10.824234,1
A44,B42,944.070049216823,2025-11-05 01:15:10.824234,0
A2,B22,3798.847582175761,2026-01-04 01:15:10.824234,0
A54,B80,5531.487380901656,2026-02-19 01:15:10.824234,1
A63,B59,570.5882418983674,2026-05-09 01:15:10.824234,0
A14,B89,104.40722481476487,2025-12-10 01:15:10.824234,0
A56,B47,1722.1219164582658,2025-07-21 01:15:10.824234,0
A47,B12,5003.585347196792,2026-01-30 01:15:10.824234,1
A82,B56,4344.7574231969065,2026-05-07 01:15:10.824234,0
A59,B14,7845.91934479321,2025-12-30 01:15:10.824234,1
A91,B32,5662.907713230839,2026-04-23 01:15:10.824234,1
A20,B56,8581.023530503056,2025-09-23 01:15:10.824234,1
A56,B76,962.6647363525934,2025-08-24 01:15:10.824234,0
A23,B52,5286.310264560064,2025-11-20 01:15:10.824234,1
A94,B68,435.0920585942806,2025-07-27 01:15:10.824234,0
A67,B11,2122.0563882866263,2026-01-23 01:15:10.824234,0
A84,B51,8682.48773691024,2026-03-02 01:15:10.824234,1
A35,B40,8876.66752727459,2026-04-01 01:15:10.824234,1
A79,B96,4760.247873576281,2026-01-16 01:15:10.824234,0
A69,B44,475.1540877100154,2025-06-20 01:15:10.824234,0
A100,B29,752.7371186572543,2026-01-19 01:15:10.824234,0
A62,B43,9256.592252708422,2026-01-06 01:15:10.824234,1
A60,B100,8994.123392141437,2025-08-22 01:15:10.824234,1
A56,B22,5639.4635418393555,2026-04-24 01:15:10.824234,1
A94,B10,338.6887837331842,2026-01-30 01:15:10.824234,0
A76,B66,9288.375948934046,2025-08-01 01:15:10.824234,1
A35,B82,3151.7020853342433,2025-11-05 01:15:10.824234,0
A42,B15,9615.077206861299,2025-11-22 01:15:10.824234,1
A32,B68,5874.490679804038,2026-02-23 01:15:10.824234,1
A12,B66,7525.022153770182,2026-02-21 01:15:10.824234,1
A36,B25,7129.986885494103,2026-01-21 01:15:10.824234,1
A58,B100,3988.977243747269,2025-07-23 01:15:10.824234,0
A32,B45,778.6055394990452,2025-12-11 01:15:10.824234,0
A97,B45,1632.8780046399115,2025-05-30 01:15:10.824234,0
A60,B94,2412.317221099825,2025-11-20 01:15:10.824234,0
A73,B83,8348.159095316601,2025-07-24 01:15:10.824234,1
A79,B19,3897.6745075999143,2026-05-08 01:15:10.824234,0
A86,B31,8966.29241235717,2025-05-27 01:15:10.824234,1
A49,B14,3323.981097822067,2025-05-29 01:15:10.824234,0
A44,B19,7558.5365525637135,2025-11-23 01:15:10.824234,1
A4,B33,1408.106436409621,2025-08-05 01:15:10.824234,0
A64,B26,9884.89479956189,2025-08-07 01:15:10.824234,1
A42,B23,7244.394065242205,2026-03-11 01:15:10.824234,1
A24,B78,5012.920587860874,2025-08-07 01:15:10.824234,1
A63,B20,9743.490041085604,2026-02-15 01:15:10.824234,1
A28,B98,546.427355154462,2025-09-12 01:15:10.824234,0
A46,B98,4376.511645906557,2025-08-18 01:15:10.824234,0
A34,B84,8388.359829555618,2025-12-15 01:15:10.824234,1
A44,B10,3412.5215372863086,2026-02-22 01:15:10.824234,0
A36,B23,7692.36647712077,2025-09-13 01:15:10.824234,1
A77,B99,9549.03538517751,2026-05-03 01:15:10.824234,1
A90,B81,3973.0634625965054,2026-04-06 01:15:10.824234,0
A36,B64,7737.813612151911,2026-04-24 01:15:10.824234,1
A72,B60,305.9603328621995,2026-01-23 01:15:10.824234,0
A2,B97,2740.537016001685,2025-07-18 01:15:10.824234,0
A67,B73,9925.932925723466,2026-01-30 01:15:10.824234,1
A25,B98,4911.128526546825,2026-05-12 01:15:10.824234,0
A11,B75,3564.5538650814206,2025-08-26 01:15:10.824234,0
A31,B58,9412.017021257547,2025-09-20 01:15:10.824234,1
A93,B88,4324.160982933052,2026-05-22 01:15:10.824234,0
A53,B73,6800.151632300707,2025-12-04 01:15:10.824234,1
A63,B83,6610.112356073606,2025-07-12 01:15:10.824234,1
A72,B82,866.08423519099,2026-02-08 01:15:10.824234,0
A98,B80,6189.972743696279,2026-03-17 01:15:10.824234,1
A31,B42,7982.571186289439,2025-11-29 01:15:10.824234,1
A89,B81,7133.954241457073,2026-02-21 01:15:10.824234,1
A61,B41,829.5597166347541,2025-12-08 01:15:10.824234,0
A83,B20,1550.667429016529,2026-04-22 01:15:10.824234,0
A92,B57,7119.654776238381,2026-05-11 01:15:10.824234,1
A63,B9,6342.6698108108785,2026-03-08 01:15:10.824234,1
A58,B61,7399.15633687618,2025-07-26 01:15:10.824234,1
A3,B57,3173.6155045285464,2025-05-27 01:15:10.824234,0
A12,B81,1074.4436679354988,2026-03-11 01:15:10.824234,0
A38,B39,61.90027147660087,2026-03-27 01:15:10.824234,0
A29,B36,3089.5918768116176,2025-08-26 01:15:10.824234,0
A52,B76,3605.575798495497,2025-11-17 01:15:10.824234,0
A89,B8,2704.966767961471,2026-04-15 01:15:10.824234,0
A32,B46,1333.7449748970519,2025-11-12 01:15:10.824234,0
A40,B65,1882.0439174434935,2025-05-27 01:15:10.824234,0
A85,B10,4493.9483334443,2025-06-17 01:15:10.824234,0
A75,B40,5551.852606082589,2025-11-01 01:15:10.824234,1
A48,B60,4086.361309080544,2025-07-26 01:15:10.824234,0
A61,B58,272.356421092839,2026-04-01 01:15:10.824234,0
A71,B5,3545.603730579136,2025-12-01 01:15:10.824234,0
A68,B8,939.7119619941427,2025-12-19 01:15:10.824234,0
A45,B48,5984.457539964786,2025-12-08 01:15:10.824234,1
A55,B37,3251.0590024184025,2026-03-14 01:15:10.824234,0
A96,B10,3858.526794785877,2026-03-03 01:15:10.824234,0
A71,B83,2925.5550394502466,2025-10-11 01:15:10.824234,0
A43,B12,3884.1175981901533,2025-06-29 01:15:10.824234,0
A46,B79,856.1481741159399,2025-09-15 01:15:10.824234,0
A90,B77,9012.349088115767,2025-06-24 01:15:10.824234,1
A59,B65,9053.023667390455,2025-12-11 01:15:10.824234,1
A35,B50,9781.948909498733,2026-02-22 01:15:10.824234,1
A40,B60,5723.8847031878995,2025-05-25 01:15:10.824234,1
A33,B75,1704.1334046893317,2025-08-08 01:15:10.824234,0
A30,B71,3813.5129146525437,2025-06-01 01:15:10.824234,0
A16,B95,1397.0121890045734,2025-07-12 01:15:10.824234,0
A93,B6,3018.3013410969365,2025-11-21 01:15:10.824234,0
A25,B58,4936.308182685739,2026-01-28 01:15:10.824234,0
A41,B74,642.0388312667744,2025-06-16 01:15:10.824234,0
A16,B84,4352.415929934822,2025-07-25 01:15:10.824234,0
A96,B25,4216.812374327518,2026-02-22 01:15:10.824234,0
A69,B42,4847.470826199946,2025-11-10 01:15:10.824234,0
A98,B78,778.44440033762,2025-12-16 01:15:10.824234,0
A89,B61,2524.4803805111396,2025-06-04 01:15:10.824234,0
A24,B65,2473.434782786559,2025-12-23 01:15:10.824234,0
A25,B20,6254.086540811258,2026-03-18 01:15:10.824234,1
A28,B8,5942.125916410396,2026-02-21 01:15:10.824234,1
A95,B58,1963.5267665538022,2026-05-22 01:15:10.824234,0
A62,B14,1078.653952133211,2025-05-28 01:15:10.824234,0
A36,B44,3053.533377555057,2025-08-02 01:15:10.824234,0
A93,B92,9488.746389321706,2025-11-03 01:15:10.824234,1
A76,B11,3328.8499809631535,2025-08-05 01:15:10.824234,0
A98,B65,6205.719956868146,2026-05-06 01:15:10.824234,1
A68,B83,8042.723854954251,2026-02-18 01:15:10.824234,1
A77,B23,3302.1217456298095,2025-07-18 01:15:10.824234,0
A37,B6,3354.0148752321,2025-12-11 01:15:10.824234,0
A13,B32,8156.599945330001,2025-07-13 01:15:10.824234,1
A25,B91,8596.489586337344,2026-01-29 01:15:10.824234,1
A38,B57,9742.511511281022,2025-06-29 01:15:10.824234,1
A30,B57,1369.8834710668652,2025-08-06 01:15:10.824234,0
A47,B68,3213.444902197126,2026-03-30 01:15:10.824234,0
